workerid,prolific_participant_id
2989,5e09461913064422d0004ecf
3020,5ee2e3ed6e98a7839bef6555
2965,610b491da55c09ba8c253163
2997,56f29effed0cf60006911528
2957,631797089a0a1ee579573eb9
2973,654f8b31b5ffd3ed99a69ad6
2923,5b16ceb0bdf4e10001630f58
2961,62d5c169b25535bc60fd5248
2931,5d46daa91274770001916403
3006,5b8c7161284d9b00019dee13
2993,60ec601b8525af507f06373d
2941,5a9998a14eecca0001dd791e
2949,5ccb779b2c4e1f00159333ea
2933,6413dd681ed8c23f4db5ee34
3016,5f8c5938b9fa883a8a59107f
2969,6477aedd9ce51cb178524b27
3001,5803d7653073510001231d89
2937,63d548f3ab55b4d7d7ef6b93
3012,5ebc70e8d7a1780bedd1514e
2927,586325ee2bd3c900018593ea
2981,55ce148b34e9060012e56279
3008,62f13dc95cf68f5d1182f495
2945,6547a39ece0daed993e0234b
2985,63cc88cff0f86e1bdec22290
3023,6127db7443fb930ee540e944
2972,5df80710e297d55a34ee39f0
2995,5ee8c7fc15b7921df9c2d2a6
2979,63bde9862392eebaf64770c2
2991,64da2accd7f18b0adeede7ba
2930,5fb2c8b4b04a8594fc0a3825
2925,652459097eb28ad70bcb1393
2984,5d4821d9dfc9bc0015b5be60
2918,6297d6da6a89082f5523db4d
2988,614fdfcd552f1cd4e0d8b8f5
2964,58472149000f1000010ebc53
2922,60e5e872d2935b59f756f99f
2934,656f3304257a3c8c53f581ba
2960,652d461fa15fc7cb72f28e82
2948,63ea4d8e84be50666e5e2bd6
2952,651c2756b4621cab0abba8fa
3005,628f0d7e3055b5d1887916c5
3018,65425c72d94cab4a2b4caae4
2956,5d1788d3ede7260019ea7371
2976,6562666d5b88c55ff4e8fd9d
3014,5a2a0c19443c10000121122a
2944,5ea0b664c2b7320a4aef95af
2999,65729e86cc6f8b01ab069219
2940,63d1401242635aaffe867c4c
2974,6554f3f85dee0872ba3cc142
2921,614ff5d9c6dc36af9c39da17
2946,63d432e27555fb4b5785cfcd
3002,654ceec7f56e01bfe84e9826
2932,6132cc931d18eb3ce734accf
2998,6568f71e4bde2a6c9da07cc7
2966,5a54f0daac562400015388da
2958,652ff05b16b0990c27dd6c75
2994,64b3ebc9ad6778799f835dcb
2950,5b5a822e1ad8270001c4f28d
2982,5c8541b79c5a3000016b2597
2970,63b6c1e570bcd4c9250d86d5
3017,5faeb8eb6562cd0163f216ec
2924,57b4abf0f0ed6e0001517979
2986,614dd661c1fb4b13a7e99d64
3021,5a8e6117b093f80001a83119
2990,62c5fbbb796500bb5406d772
2978,62926b2bba027005e0a84475
2939,5c5c75d6329ee20001083061
2942,5f7b8d1186b828165dae8e5f
3003,5bb7d27770f8df0001bfea2c
3013,63b7566ea98814782bc51d9b
2962,65845dda978052080941c93a
2936,5fa8b4123a3f0d7a4aab8ef3
3009,63e53d570132a56f38a678ee
2967,6044dfc230e44b5793804ba6
2996,63ea41a49008160657f07e43
3000,63e576170eb086a90644efb4
2917,5d701566b1a79d00165c65ae
2935,60d66ec4a3c13ac0f607e7d9
2983,5c12b0ba17e18d0001e7629e
2938,5c38f43bb594c40001212d39
2971,610843dd91193502f775457b
2975,631cea44de65b777f0f8e70a
2926,6109cd6a03dc4d54ad56fa75
3004,6100ad56092a518f822f438e
3007,63deeebc2822414d8f9e5958
2987,6533e74e08633f26d79be819
2943,60801aa3467fd2f54022f40d
2959,62f269f2a7751126ffb96a4c
2929,65717667dc75f34174a3393a
2947,61146530e197323f072eb6dc
2951,58ef6ad040baf30001228d2c
2980,6151fbe0c6b5a6b6af706100
3019,631bfb8f27645e704e21c1cd
3015,5c925b0fb138fe0014e4036b
3011,64921fc8c813049f1fd29b47
2992,61004f4069555d737ceab14c
2920,591ed2c61c6d600001aafddd
